Time [s],Dn,Dp,out_en
0.251836510,0,1,0
0.252469070,1,0,0
0.252469150,0,1,0
0.252469240,1,0,0
0.252469320,0,1,0
0.252469400,1,0,0
0.252469480,1,1,0
0.252469490,0,1,0
0.252469570,1,0,0
0.252469820,0,1,0
0.252469990,1,0,0
0.252470070,0,1,0
0.252470240,1,0,0
0.252470490,0,1,0
0.252470570,1,0,0
0.252470650,0,1,0
0.252470740,1,0,0
0.252470820,0,1,0
0.252471400,1,0,0
0.252471570,0,1,0
0.252471820,0,0,0
0.252471990,0,1,0
0.253469070,1,0,0
0.253469150,0,1,0
0.253469230,1,0,0
0.253469320,0,1,0
0.253469400,1,0,0
0.253469480,0,1,0
0.253469570,1,0,0
0.253469820,0,1,0
0.253469980,1,0,0
0.253470070,0,1,0
0.253470230,1,0,0
0.253470400,0,1,0
0.253470570,1,0,0
0.253470650,0,1,0
0.253470730,1,0,0
0.253470820,0,1,0
0.253471400,1,0,0
0.253471570,0,1,0
0.253471650,1,0,0
0.253471820,0,0,0
0.253471980,0,1,0
0.254469060,0,0,0
0.254469070,1,0,0
0.254469150,0,1,0
0.254469230,1,0,0
0.254469310,0,1,0
0.254469400,1,0,0
0.254469480,0,1,0
0.254469560,1,0,0
0.254469810,0,1,0
0.254469980,1,0,0
0.254470060,0,1,0
0.254470230,1,0,0
0.254470560,0,1,0
0.254470650,1,0,0
0.254470730,0,1,0
0.254470810,1,0,0
0.254471310,0,1,0
0.254471400,1,0,0
0.254471650,0,1,0
0.254471730,0,0,0
0.254471900,0,1,0
0.255469060,1,0,0
0.255469140,0,1,0
0.255469230,1,0,0
0.255469310,0,1,0
0.255469390,1,0,0
0.255469480,0,1,0
0.255469560,1,0,0
0.255469810,0,1,0
0.255469980,1,0,0
0.255470060,0,1,0
0.255470230,1,0,0
0.255470390,0,1,0
0.255470480,1,0,0
0.255470640,0,1,0
0.255470730,1,0,0
0.255470810,0,1,0
0.255471390,1,0,0
0.255471560,0,1,0
0.255471640,1,0,0
0.255471730,0,1,0
0.255471810,0,0,0
0.255471980,0,1,0
0.255473150,1,0,0
0.255473230,0,1,0
0.255473310,1,0,0
0.255473390,0,1,0
0.255473480,1,0,0
0.255473560,0,1,0
0.255473640,1,0,0
0.255473890,0,1,0
0.255473980,1,0,0
0.255474140,0,1,0
0.255474390,1,0,0
0.255474480,0,1,0
0.255474640,1,0,0
0.255474730,0,1,0
0.255474810,1,0,0
0.255474890,0,1,0
0.255474980,1,0,0
0.255475060,0,1,0
0.255475230,1,0,0
0.255475310,0,1,0
0.255475390,1,0,0
0.255475480,0,1,0
0.255475560,1,0,0
0.255475640,0,1,0
0.255475810,0,0,0
0.255475980,0,1,0
0.256448060,1,0,0
0.256448140,0,1,0
0.256448220,1,1,0
0.256448230,1,0,0
0.256448310,0,1,0
0.256448390,1,0,0
0.256448470,0,1,0
0.256448560,1,0,0
0.256448810,0,1,0
0.256449060,1,0,0
0.256449220,0,1,0
0.256449310,1,0,0
0.256449390,0,1,0
0.256449470,1,0,0
0.256449560,0,1,0
0.256449640,1,0,0
0.256449720,0,1,0
0.256449810,1,0,0
0.256449890,0,1,0
0.256449970,1,0,0
0.256450060,0,1,0
0.256450140,1,0,0
0.256450220,0,1,0
0.256450310,1,0,0
0.256450470,0,1,0
0.256450560,1,0,0
0.256450640,0,1,0
0.256450720,0,0,0
0.256450890,0,1,0
0.256451230,1,0,0
0.256451310,0,1,0
0.256451390,1,0,0
0.256451470,0,1,0
0.256451560,1,0,0
0.256451640,0,1,0
0.256451720,1,0,0
0.256452060,0,1,0
0.256452140,1,0,0
0.256452220,0,1,0
0.256452310,1,0,0
0.256452560,0,1,0
0.256452640,1,0,0
0.256452720,0,1,0
0.256452810,1,0,0
0.256452890,0,1,0
0.256452970,1,0,0
0.256453060,0,1,0
0.256453140,1,0,0
0.256453310,0,1,0
0.256453470,1,1,0
0.256453480,1,0,0
0.256453560,0,1,0
0.256453640,1,0,0
0.256453720,0,1,0
0.256453810,1,0,0
0.256453970,0,1,0
0.256454060,1,0,0
0.256454140,0,1,0
0.256454220,1,0,0
0.256454310,0,1,0
0.256454470,1,1,0
0.256454480,1,0,0
0.256454560,0,1,0
0.256454640,1,0,0
0.256454720,0,1,0
0.256454810,1,0,0
0.256454890,0,1,0
0.256454970,1,0,0
0.256455060,0,1,0
0.256455140,1,0,0
0.256455220,0,1,0
0.256455310,1,0,0
0.256455390,0,1,0
0.256455470,1,0,0
0.256455560,0,1,0
0.256455640,1,0,0
0.256455720,0,1,0
0.256455810,1,0,0
0.256455890,0,1,0
0.256455970,1,0,0
0.256456060,0,1,0
0.256456140,1,0,0
0.256456220,0,1,0
0.256456310,1,0,0
0.256456390,0,1,0
0.256456470,1,0,0
0.256456560,0,1,0
0.256456640,1,0,0
0.256456720,0,1,0
0.256456810,1,0,0
0.256456890,0,1,0
0.256456970,1,0,0
0.256457060,0,1,0
0.256457140,1,0,0
0.256457220,0,1,0
0.256457310,1,0,0
0.256457390,0,1,0
0.256457470,1,0,0
0.256457560,0,1,0
0.256457640,1,0,0
0.256457720,0,1,0
0.256457810,1,0,0
0.256457970,0,1,0
0.256458140,1,0,0
0.256458220,0,1,0
0.256458640,1,0,0
0.256458810,0,1,0
0.256458890,1,0,0
0.256459220,0,0,0
0.256459390,0,1,0
0.256459570,0,1,1
0.256459590,1,1,1
0.256459600,1,0,1
0.256459680,0,0,1
0.256459690,0,1,1
0.256459760,1,0,1
0.256459850,0,1,1
0.256459930,0,0,1
0.256459940,1,0,1
0.256460010,0,1,1
0.256460100,1,0,1
0.256460260,0,1,1
0.256460430,0,0,1
0.256460440,1,0,1
0.256460510,0,1,1
0.256460680,0,0,1
0.256460690,1,0,1
0.256460930,0,0,1
0.256461090,0,1,1
0.256461200,0,1,0
0.256469060,1,0,0
0.256469140,0,1,0
0.256469220,1,0,0
0.256469310,0,1,0
0.256469390,1,0,0
0.256469470,0,1,0
0.256469560,1,0,0
0.256469810,0,1,0
0.256469970,1,1,0
0.256469980,1,0,0
0.256470060,0,1,0
0.256470220,1,1,0
0.256470230,1,0,0
0.256470470,0,1,0
0.256470640,1,0,0
0.256470720,0,1,0
0.256470810,1,0,0
0.256471310,0,1,0
0.256471390,1,0,0
0.256471720,0,0,0
0.256471890,0,1,0
0.256475310,1,0,0
0.256475390,0,1,0
0.256475470,1,0,0
0.256475560,0,1,0
0.256475640,1,0,0
0.256475720,0,1,0
0.256475810,1,0,0
0.256476060,0,1,0
0.256476140,1,0,0
0.256476310,0,1,0
0.256476560,1,0,0
0.256476640,0,1,0
0.256476720,1,0,0
0.256476810,0,1,0
0.256476890,1,0,0
0.256476970,0,1,0
0.256477060,1,0,0
0.256477140,0,1,0
0.256477220,1,0,0
0.256477310,0,1,0
0.256477390,1,0,0
0.256477470,0,1,0
0.256477560,1,0,0
0.256477720,0,1,0
0.256477810,1,0,0
0.256477890,0,1,0
0.256477970,0,0,0
0.256478140,0,1,0
0.256478340,0,1,1
0.256478370,1,0,1
0.256478450,0,1,1
0.256478530,1,0,1
0.256478620,0,1,1
0.256478700,0,0,1
0.256478710,1,0,1
0.256478780,0,1,1
0.256478870,1,0,1
0.256479200,0,1,1
0.256479370,1,0,1
0.256479450,0,1,1
0.256479620,1,0,1
0.256479700,0,1,1
0.256479780,1,0,1
0.256479870,0,1,1
0.256479950,0,0,1
0.256479960,1,0,1
0.256480030,0,1,1
0.256480120,1,0,1
0.256480200,0,1,1
0.256480280,1,0,1
0.256480370,0,1,1
0.256480450,0,0,1
0.256480460,1,0,1
0.256480530,0,1,1
0.256480620,1,0,1
0.256480700,0,1,1
0.256480780,1,0,1
0.256480870,0,1,1
0.256480950,0,0,1
0.256480960,1,0,1
0.256481030,0,0,1
0.256481200,0,1,1
0.256481300,0,1,0
0.256481730,1,0,0
0.256481810,0,1,0
0.256481890,1,0,0
0.256481970,0,1,0
0.256482060,1,0,0
0.256482140,0,1,0
0.256482220,1,0,0
0.256482390,0,1,0
0.256482560,1,0,0
0.256482640,0,1,0
0.256482810,1,0,0
0.256483060,0,0,0
0.256483220,0,1,0
0.257469060,1,0,0
0.257469140,0,1,0
0.257469220,1,0,0
0.257469300,0,1,0
0.257469390,1,0,0
0.257469470,0,1,0
0.257469560,1,0,0
0.257469810,0,1,0
0.257469970,1,0,0
0.257470050,0,1,0
0.257470220,1,0,0
0.257470390,0,1,0
0.257470640,1,0,0
0.257470720,0,1,0
0.257470810,1,0,0
0.257471300,0,0,0
0.257471310,0,1,0
0.257471390,1,0,0
0.257471550,0,1,0
0.257471720,0,0,0
0.257471890,0,1,0
0.258469050,1,0,0
0.258469130,0,0,0
0.258469140,0,1,0
0.258469220,1,0,0
0.258469300,0,1,0
0.258469390,1,0,0
0.258469470,0,1,0
0.258469550,1,0,0
0.258469800,0,1,0
0.258469970,1,0,0
0.258470050,0,1,0
0.258470220,1,0,0
0.258470640,0,1,0
0.258470720,1,0,0
0.258470800,0,1,0
0.258471390,1,0,0
0.258471550,0,1,0
0.258471720,1,0,0
0.258471800,0,0,0
0.258471970,0,1,0
0.259469050,1,0,0
0.259469130,0,1,0
0.259469220,1,0,0
0.259469300,0,1,0
0.259469380,1,0,0
0.259469470,0,1,0
0.259469550,1,0,0
0.259469800,0,1,0
0.259469970,1,0,0
0.259470050,0,1,0
0.259470220,1,0,0
0.259470380,0,1,0
0.259470470,1,0,0
0.259470550,0,1,0
0.259470720,1,0,0
0.259470800,0,1,0
0.259471300,1,0,0
0.259471470,0,1,0
0.259471630,1,0,0
0.259471720,0,0,0
0.259471880,0,1,0
0.259473130,1,0,0
0.259473210,1,1,0
0.259473220,0,1,0
0.259473300,1,0,0
0.259473380,0,1,0
0.259473470,1,0,0
0.259473550,0,1,0
0.259473630,1,0,0
0.259473880,0,1,0
0.259473970,1,0,0
0.259474130,0,1,0
0.259474380,1,0,0
0.259474470,0,1,0
0.259474630,1,0,0
0.259474720,0,1,0
0.259474800,1,0,0
0.259474880,0,1,0
0.259474970,1,0,0
0.259475050,0,1,0
0.259475220,1,0,0
0.259475300,0,1,0
0.259475380,1,0,0
0.259475470,0,1,0
0.259475550,1,0,0
0.259475630,0,1,0
0.259475800,0,0,0
0.259475970,0,1,0
0.260469050,1,0,0
0.260469130,0,1,0
0.260469210,1,0,0
0.260469300,0,1,0
0.260469380,1,0,0
0.260469460,0,1,0
0.260469550,1,0,0
0.260469800,0,1,0
0.260469960,1,0,0
0.260470050,0,1,0
0.260470210,1,0,0
0.260470460,0,1,0
0.260470550,1,0,0
0.260470710,0,1,0
0.260470800,1,0,0
0.260471380,0,1,0
0.260471460,1,0,0
0.260471630,0,1,0
0.260471800,0,0,0
0.260471960,0,1,0
0.261469050,1,0,0
0.261469130,0,1,0
0.261469210,1,0,0
0.261469290,0,1,0
0.261469380,1,0,0
0.261469460,0,1,0
0.261469540,1,0,0
0.261469790,0,1,0
0.261469960,1,0,0
0.261470040,0,1,0
0.261470210,1,0,0
0.261470380,0,1,0
0.261470540,1,0,0
0.261470710,0,1,0
0.261470790,1,0,0
0.261471380,0,1,0
0.261471460,1,0,0
0.261471790,0,0,0
0.261471960,0,1,0
0.262469040,1,0,0
0.262469120,0,1,0
0.262469210,1,0,0
0.262469290,0,1,0
0.262469370,1,0,0
0.262469460,0,1,0
0.262469540,1,0,0
0.262469790,0,1,0
0.262469960,1,0,0
0.262470040,0,1,0
0.262470210,1,0,0
0.262470540,0,1,0
0.262470710,1,0,0
0.262470790,0,1,0
0.262471290,1,0,0
0.262471460,0,1,0
0.262471540,1,0,0
0.262471620,0,1,0
0.262471710,0,0,0
0.262471870,0,1,0
0.263469040,1,0,0
0.263469120,0,1,0
0.263469200,0,0,0
0.263469210,1,0,0
0.263469290,0,1,0
0.263469370,1,0,0
0.263469450,0,1,0
0.263469540,1,0,0
0.263469790,0,1,0
0.263469950,0,0,0
0.263469960,1,0,0
0.263470040,0,1,0
0.263470200,0,0,0
0.263470210,1,0,0
0.263470370,0,1,0
0.263470450,1,0,0
0.263470700,0,1,0
0.263470790,1,0,0
0.263471370,0,1,0
0.263471450,1,0,0
0.263471700,0,1,0
0.263471790,0,0,0
0.263471950,0,1,0
0.263473120,1,0,0
0.263473200,0,1,0
0.263473290,1,0,0
0.263473370,0,1,0
0.263473450,1,0,0
0.263473540,0,1,0
0.263473620,1,0,0
0.263473870,0,1,0
0.263473950,1,0,0
0.263474120,0,1,0
0.263474370,1,0,0
0.263474450,0,1,0
0.263474620,1,0,0
0.263474700,0,1,0
0.263474790,1,0,0
0.263474870,0,1,0
0.263474950,1,0,0
0.263475040,0,1,0
0.263475200,0,0,0
0.263475210,1,0,0
0.263475290,0,1,0
0.263475370,1,0,0
0.263475450,0,1,0
0.263475540,1,0,0
0.263475620,0,1,0
0.263475790,0,0,0
0.263475950,0,1,0
0.264469040,1,0,0
0.264469120,0,1,0
0.264469200,1,0,0
0.264469280,0,1,0
0.264469370,1,0,0
0.264469450,0,1,0
0.264469540,1,0,0
0.264469780,1,1,0
0.264469790,0,1,0
0.264469950,1,0,0
0.264470030,0,1,0
0.264470200,1,0,0
0.264470450,0,1,0
0.264470700,1,0,0
0.264470780,0,1,0
0.264471290,1,0,0
0.264471450,0,1,0
0.264471540,1,0,0
0.264471700,0,0,0
0.264471870,0,1,0
0.265469030,1,0,0
0.265469110,1,1,0
0.265469120,0,1,0
0.265469200,1,0,0
0.265469280,0,1,0
0.265469370,1,0,0
0.265469450,0,1,0
0.265469530,1,0,0
0.265469780,0,1,0
0.265469950,1,0,0
0.265470030,0,1,0
0.265470200,1,0,0
0.265470370,0,1,0
0.265470700,1,0,0
0.265470780,0,1,0
0.265471280,1,0,0
0.265471450,0,1,0
0.265471700,0,0,0
0.265471860,0,1,0
0.266469030,1,0,0
0.266469110,0,1,0
0.266469200,1,0,0
0.266469280,0,1,0
0.266469360,1,0,0
0.266469450,0,1,0
0.266469530,1,0,0
0.266469780,0,1,0
0.266469950,1,0,0
0.266470030,0,1,0
0.266470200,1,0,0
0.266470700,0,1,0
0.266470780,1,0,0
0.266471360,0,1,0
0.266471450,1,0,0
0.266471610,0,1,0
0.266471700,1,0,0
0.266471780,0,0,0
0.266471950,0,1,0
0.267469030,1,0,0
0.267469110,0,1,0
0.267469190,1,0,0
0.267469280,0,1,0
0.267469360,1,0,0
0.267469440,0,1,0
0.267469530,1,0,0
0.267469780,0,1,0
0.267469940,1,0,0
0.267470030,0,1,0
0.267470190,1,0,0
0.267470360,0,1,0
0.267470440,1,0,0
0.267470530,0,1,0
0.267470610,1,0,0
0.267470780,0,1,0
0.267471280,1,0,0
0.267471360,0,1,0
0.267471440,1,0,0
0.267471690,0,0,0
0.267471860,0,1,0
0.267473110,1,0,0
0.267473190,0,1,0
0.267473280,1,0,0
0.267473360,0,1,0
0.267473440,1,0,0
0.267473530,0,1,0
0.267473610,1,0,0
0.267473860,0,1,0
0.267473940,1,0,0
0.267474110,0,1,0
0.267474360,1,0,0
0.267474440,0,1,0
0.267474610,1,0,0
0.267474690,0,1,0
0.267474780,1,0,0
0.267474860,0,1,0
0.267474940,1,0,0
0.267475030,0,1,0
0.267475190,1,0,0
0.267475280,0,1,0
0.267475360,1,0,0
0.267475440,0,1,0
0.267475530,1,0,0
0.267475610,0,1,0
0.267475780,0,0,0
0.267475940,0,1,0
0.268469020,0,0,0
0.268469030,1,0,0
0.268469110,0,1,0
0.268469190,1,0,0
0.268469270,0,1,0
0.268469360,1,0,0
0.268469440,0,1,0
0.268469520,1,0,0
0.268469770,0,1,0
0.268469940,1,0,0
0.268470020,0,1,0
0.268470190,1,0,0
0.268470440,0,1,0
0.268470520,1,0,0
0.268470610,0,1,0
0.268470770,1,0,0
0.268471360,0,1,0
0.268471610,1,0,0
0.268471690,0,1,0
0.268471770,0,0,0
0.268471940,0,1,0
0.269469020,1,0,0
0.269469100,0,1,0
0.269469190,1,0,0
0.269469270,0,1,0
0.269469350,1,0,0
0.269469440,0,1,0
0.269469520,1,0,0
0.269469770,0,1,0
0.269469940,1,0,0
0.269470020,0,1,0
0.269470190,1,0,0
0.269470350,0,1,0
0.269470520,1,0,0
0.269470600,0,1,0
0.269470770,1,0,0
0.269471350,0,1,0
0.269471690,1,0,0
0.269471770,0,0,0
0.269471940,0,1,0
0.270469020,1,0,0
0.270469100,0,1,0
0.270469180,0,0,0
0.270469190,1,0,0
0.270469270,0,1,0
0.270469350,1,0,0
0.270469430,0,1,0
0.270469520,1,0,0
0.270469770,0,1,0
0.270469940,1,0,0
0.270470020,0,1,0
0.270470190,1,0,0
0.270470520,0,1,0
0.270470600,1,0,0
0.270470770,0,1,0
0.270471270,1,0,0
0.270471350,0,1,0
0.270471430,0,0,0
0.270471440,1,0,0
0.270471520,0,1,0
0.270471680,0,0,0
0.270471850,0,1,0
0.271469020,1,0,0
0.271469100,0,1,0
0.271469180,1,0,0
0.271469260,0,0,0
0.271469270,0,1,0
0.271469350,1,0,0
0.271469430,0,1,0
0.271469510,0,0,0
0.271469520,1,0,0
0.271469760,0,0,0
0.271469770,0,1,0
0.271469930,1,0,0
0.271470010,0,0,0
0.271470020,0,1,0
0.271470180,1,0,0
0.271470350,0,1,0
0.271470430,1,0,0
0.271470600,0,1,0
0.271470770,1,0,0
0.271471350,0,1,0
0.271471770,0,0,0
0.271471930,0,1,0
0.271473100,1,0,0
0.271473180,0,1,0
0.271473260,0,0,0
0.271473270,1,0,0
0.271473350,0,1,0
0.271473430,1,0,0
0.271473510,0,0,0
0.271473520,0,1,0
0.271473600,1,0,0
0.271473850,0,1,0
0.271473930,1,0,0
0.271474100,0,1,0
0.271474350,1,0,0
0.271474430,0,1,0
0.271474600,1,0,0
0.271474680,0,1,0
0.271474760,0,0,0
0.271474770,1,0,0
0.271474850,0,1,0
0.271474930,1,0,0
0.271475010,0,0,0
0.271475020,0,1,0
0.271475180,1,0,0
0.271475260,0,1,0
0.271475350,1,0,0
0.271475430,0,1,0
0.271475510,0,0,0
0.271475520,1,0,0
0.271475600,0,1,0
0.271475760,0,0,0
0.271475930,0,1,0
0.272469010,1,0,0
0.272469090,0,1,0
0.272469180,1,0,0
0.272469260,0,1,0
0.272469350,1,0,0
0.272469430,0,1,0
0.272469510,1,0,0
0.272469760,0,1,0
0.272469930,1,0,0
0.272470010,0,1,0
0.272470180,1,0,0
0.272470430,0,1,0
0.272470600,1,0,0
0.272470760,0,1,0
0.272471260,1,0,0
0.272471340,1,1,0
0.272471350,0,1,0
0.272471430,1,0,0
0.272471510,0,1,0
0.272471600,1,0,0
0.272471680,0,0,0
0.272471850,0,1,0
0.273469010,1,0,0
0.273469090,0,1,0
0.273469180,1,0,0
0.273469260,0,1,0
0.273469340,1,0,0
0.273469430,0,1,0
0.273469510,1,0,0
0.273469760,0,1,0
0.273469930,1,0,0
0.273470010,0,1,0
0.273470180,1,0,0
0.273470340,0,1,0
0.273470590,1,0,0
0.273470760,0,1,0
0.273471260,1,0,0
0.273471340,0,1,0
0.273471430,1,0,0
0.273471590,0,1,0
0.273471680,0,0,0
0.273471840,0,1,0
0.274469010,1,0,0
0.274469090,0,1,0
0.274469170,1,0,0
0.274469260,0,1,0
0.274469340,1,0,0
0.274469420,0,1,0
0.274469510,1,0,0
0.274469760,0,1,0
0.274469920,1,0,0
0.274470010,0,1,0
0.274470170,1,0,0
0.274470590,0,1,0
0.274470760,1,0,0
0.274471340,0,1,0
0.274471590,1,0,0
0.274471760,0,0,0
0.274471920,0,1,0
0.275469000,0,0,0
0.275469010,1,0,0
0.275469090,0,1,0
0.275469170,1,0,0
0.275469250,0,1,0
0.275469340,1,0,0
0.275469420,0,1,0
0.275469500,1,0,0
0.275469750,0,1,0
0.275469920,1,0,0
0.275470000,0,1,0
0.275470170,1,0,0
0.275470340,0,1,0
0.275470420,1,0,0
0.275470500,0,1,0
0.275470750,1,0,0
0.275471250,0,1,0
0.275471500,1,0,0
0.275471670,0,0,0
0.275471840,0,1,0
0.275473090,1,0,0
0.275473170,0,1,0
0.275473250,1,0,0
0.275473340,0,1,0
0.275473420,1,0,0
0.275473500,0,1,0
0.275473590,1,0,0
0.275473840,0,1,0
0.275473920,1,0,0
0.275474090,0,1,0
0.275474340,1,0,0
0.275474420,0,1,0
0.275474590,1,0,0
0.275474670,0,1,0
0.275474750,1,0,0
0.275474840,0,1,0
0.275474920,1,0,0
0.275475000,0,1,0
0.275475170,1,0,0
0.275475250,0,1,0
0.275475340,1,0,0
0.275475420,0,1,0
0.275475500,1,0,0
0.275475590,0,1,0
0.275475750,0,0,0
0.275475920,0,1,0
0.276469000,1,0,0
0.276469080,0,1,0
0.276469170,1,0,0
0.276469250,0,1,0
0.276469330,1,0,0
0.276469420,0,1,0
0.276469500,1,0,0
0.276469750,0,1,0
0.276469920,1,0,0
0.276470000,0,1,0
0.276470170,1,0,0
0.276470420,0,1,0
0.276470500,1,0,0
0.276470750,0,1,0
0.276471340,1,0,0
0.276471420,0,1,0
0.276471500,1,0,0
0.276471670,0,1,0
0.276471750,0,0,0
0.276471920,0,1,0
0.277469000,1,0,0
0.277469080,0,1,0
0.277469170,1,0,0
0.277469250,0,1,0
0.277469330,1,0,0
0.277469410,0,1,0
0.277469500,1,0,0
0.277469750,0,1,0
0.277469920,1,0,0
0.277470000,0,1,0
0.277470170,1,0,0
0.277470330,0,1,0
0.277470500,1,0,0
0.277470750,0,1,0
0.277471330,1,0,0
0.277471410,0,1,0
0.277471500,1,0,0
0.277471580,0,1,0
0.277471670,1,0,0
0.277471750,0,0,0
0.277471910,0,1,0
0.278469000,1,0,0
0.278469080,0,1,0
0.278469160,1,0,0
0.278469240,0,1,0
0.278469330,1,0,0
0.278469410,0,1,0
0.278469500,1,0,0
0.278469750,0,1,0
0.278469910,1,0,0
0.278469990,0,1,0
0.278470160,1,0,0
0.278470500,0,1,0
0.278470750,1,0,0
0.278471250,0,1,0
0.278471660,0,0,0
0.278471830,0,1,0
0.279468990,1,0,0
0.279469070,0,0,0
0.279469080,0,1,0
0.279469160,1,0,0
0.279469240,0,1,0
0.279469330,1,0,0
0.279469410,0,1,0
0.279469490,1,0,0
0.279469740,0,1,0
0.279469910,1,0,0
0.279469990,0,1,0
0.279470160,1,0,0
0.279470330,0,1,0
0.279470410,1,0,0
0.279470740,0,1,0
0.279471330,1,0,0
0.279471410,0,1,0
0.279471490,1,0,0
0.279471570,0,0,0
0.279471580,0,1,0
0.279471740,0,0,0
0.279471910,0,1,0
0.279473080,1,0,0
0.279473160,0,1,0
0.279473240,1,0,0
0.279473330,0,1,0
0.279473410,1,0,0
0.279473490,0,1,0
0.279473580,1,0,0
0.279473830,0,1,0
0.279473910,1,0,0
0.279474080,0,1,0
0.279474330,1,0,0
0.279474410,0,1,0
0.279474580,1,0,0
0.279474660,0,1,0
0.279474740,1,0,0
0.279474830,0,1,0
0.279474910,1,0,0
0.279474990,0,1,0
0.279475160,1,0,0
0.279475240,0,1,0
0.279475330,1,0,0
0.279475410,0,1,0
0.279475490,1,0,0
0.279475580,0,1,0
0.279475740,0,0,0
0.279475910,0,1,0
0.280468990,1,0,0
0.280469070,0,1,0
0.280469160,1,0,0
0.280469240,0,1,0
0.280469320,1,0,0
0.280469410,0,1,0
0.280469490,1,0,0
0.280469740,0,1,0
0.280469910,1,0,0
0.280469990,0,1,0
0.280470160,1,0,0
0.280470410,0,1,0
0.280470740,1,0,0
0.280471240,0,1,0
0.280471570,1,0,0
0.280471660,0,0,0
0.280471820,0,1,0
0.281468990,1,0,0
0.281469070,0,1,0
0.281469150,1,0,0
0.281469240,0,1,0
0.281469320,1,0,0
0.281469400,0,1,0
0.281469490,1,0,0
0.281469740,0,1,0
0.281469900,1,0,0
0.281469990,0,1,0
0.281470150,1,0,0
0.281470320,0,1,0
0.281470740,1,0,0
0.281471240,0,1,0
0.281471490,1,0,0
0.281471570,0,1,0
0.281471650,0,0,0
0.281471820,0,1,0
0.282468990,1,0,0
0.282469070,0,1,0
0.282469150,1,0,0
0.282469230,0,1,0
0.282469320,1,0,0
0.282469400,0,1,0
0.282469480,1,0,0
0.282469730,0,1,0
0.282469900,1,0,0
0.282469980,0,1,0
0.282470150,1,0,0
0.282470730,0,1,0
0.282470820,1,0,0
0.282471400,0,1,0
0.282471480,1,0,0
0.282471570,0,1,0
0.282471820,0,0,0
0.282471980,0,1,0
0.283468980,1,0,0
0.283469060,0,1,0
0.283469150,1,0,0
0.283469230,0,1,0
0.283469310,1,0,0
0.283469400,0,1,0
0.283469480,1,0,0
0.283469730,0,1,0
0.283469900,1,0,0
0.283469980,0,1,0
0.283470150,1,0,0
0.283470310,0,1,0
0.283470400,1,0,0
0.283470480,0,1,0
0.283470560,1,0,0
0.283470650,0,1,0
0.283471230,1,0,0
0.283471400,0,1,0
0.283471570,1,0,0
0.283471730,0,0,0
0.283471900,0,1,0
0.283473070,1,0,0
0.283473150,0,1,0
0.283473230,1,0,0
0.283473310,0,1,0
0.283473400,1,0,0
0.283473480,0,1,0
0.283473560,1,0,0
0.283473810,0,1,0
0.283473900,1,0,0
0.283474060,0,1,0
0.283474310,0,0,0
0.283474320,1,0,0
0.283474400,0,1,0
0.283474560,0,0,0
0.283474570,1,0,0
0.283474650,0,1,0
0.283474730,1,0,0
0.283474810,0,1,0
0.283474900,1,0,0
0.283474980,0,1,0
0.283475150,1,0,0
0.283475230,0,1,0
0.283475310,1,0,0
0.283475400,0,1,0
0.283475480,1,0,0
0.283475560,0,1,0
0.283475730,0,0,0
0.283475900,0,1,0
0.284468980,1,0,0
0.284469060,0,1,0
0.284469140,0,0,0
0.284469150,1,0,0
0.284469230,0,1,0
0.284469310,1,0,0
0.284469390,0,1,0
0.284469480,1,0,0
0.284469730,0,1,0
0.284469890,0,0,0
0.284469900,1,0,0
0.284469980,0,1,0
0.284470150,1,0,0
0.284470390,0,0,0
0.284470400,0,1,0
0.284470480,1,0,0
0.284470560,0,1,0
0.284470640,0,0,0
0.284470650,1,0,0
0.284471230,0,1,0
0.284471310,1,0,0
0.284471480,0,1,0
0.284471640,0,0,0
0.284471650,1,0,0
0.284471730,0,0,0
0.284471900,0,1,0
0.285468980,1,0,0
0.285469060,0,1,0
0.285469140,1,0,0
0.285469220,0,1,0
0.285469310,1,0,0
0.285469390,0,1,0
0.285469480,1,0,0
0.285469730,0,1,0
0.285469890,1,0,0
0.285469970,0,1,0
0.285470140,1,0,0
0.285470310,0,1,0
0.285470480,1,0,0
0.285470560,0,1,0
0.285470640,1,0,0
0.285471230,0,1,0
0.285471310,1,0,0
0.285471480,0,1,0
0.285471560,1,0,0
0.285471640,0,1,0
0.285471730,0,0,0
0.285471890,0,1,0
0.286468970,1,0,0
0.286469050,1,1,0
0.286469060,0,1,0
0.286469140,1,0,0
0.286469220,0,1,0
0.286469310,1,0,0
0.286469390,0,1,0
0.286469470,1,0,0
0.286469720,0,1,0
0.286469890,1,0,0
0.286469970,0,1,0
0.286470140,1,0,0
0.286470470,0,1,0
0.286470560,1,0,0
0.286470640,0,1,0
0.286471220,1,0,0
0.286471390,0,1,0
0.286471720,0,0,0
0.286471890,0,1,0
0.287468970,1,0,0
0.287469050,0,1,0
0.287469140,1,0,0
0.287469220,0,1,0
0.287469300,1,0,0
0.287469390,0,1,0
0.287469470,1,0,0
0.287469720,0,1,0
0.287469890,1,0,0
0.287469970,0,1,0
0.287470140,1,0,0
0.287470300,0,1,0
0.287470390,1,0,0
0.287470550,0,1,0
0.287470640,1,0,0
0.287471220,0,1,0
0.287471300,1,0,0
0.287471470,0,1,0
0.287471550,1,0,0
0.287471720,0,0,0
0.287471890,0,1,0
0.287473050,1,0,0
0.287473140,0,1,0
0.287473220,1,0,0
0.287473300,0,1,0
0.287473390,1,0,0
0.287473470,0,1,0
0.287473550,1,0,0
0.287473800,0,1,0
0.287473890,1,0,0
0.287474050,0,1,0
0.287474300,1,0,0
0.287474390,0,1,0
0.287474550,1,0,0
0.287474640,0,1,0
0.287474720,1,0,0
0.287474800,0,1,0
0.287474890,1,0,0
0.287474970,0,1,0
0.287475140,1,0,0
0.287475220,0,1,0
0.287475300,1,0,0
0.287475390,0,1,0
0.287475470,1,0,0
0.287475550,0,1,0
0.287475720,0,0,0
0.287475890,0,1,0
0.288468970,1,0,0
0.288469050,0,1,0
0.288469130,1,0,0
0.288469220,0,1,0
0.288469300,1,0,0
0.288469380,0,1,0
0.288469470,1,0,0
0.288469720,0,1,0
0.288469880,1,0,0
0.288469970,0,1,0
0.288470130,1,0,0
0.288470380,0,1,0
0.288470550,1,0,0
0.288470630,0,1,0
0.288471220,1,0,0
0.288471380,0,1,0
0.288471630,1,0,0
0.288471720,0,0,0
0.288471880,0,1,0
0.289468970,1,0,0
0.289469050,0,1,0
0.289469130,1,0,0
0.289469210,0,1,0
0.289469300,1,0,0
0.289469380,0,1,0
0.289469460,1,0,0
0.289469710,0,1,0
0.289469880,1,0,0
0.289469960,0,1,0
0.289470130,1,0,0
0.289470300,0,1,0
0.289470550,1,0,0
0.289470630,0,1,0
0.289471210,1,0,0
0.289471380,0,1,0
0.289471550,1,0,0
0.289471630,0,1,0
0.289471710,0,0,0
0.289471880,0,1,0
0.290468960,1,0,0
0.290469040,0,1,0
0.290469130,1,0,0
0.290469210,0,1,0
0.290469290,1,1,0
0.290469300,1,0,0
0.290469380,0,1,0
0.290469460,1,0,0
0.290469710,0,1,0
0.290469880,1,0,0
0.290469960,0,1,0
0.290470130,1,0,0
0.290470540,0,1,0
0.290470630,1,0,0
0.290471210,0,1,0
0.290471290,1,0,0
0.290471460,0,1,0
0.290471710,0,0,0
0.290471880,0,1,0
0.291468960,1,0,0
0.291469040,0,1,0
0.291469130,1,0,0
0.291469210,0,1,0
0.291469290,1,0,0
0.291469370,0,1,0
0.291469460,1,0,0
0.291469710,0,1,0
0.291469880,1,0,0
0.291469960,0,1,0
0.291470130,1,0,0
0.291470290,0,1,0
0.291470380,1,0,0
0.291470460,0,1,0
0.291470630,1,0,0
0.291471210,0,1,0
0.291471460,1,0,0
0.291471710,0,0,0
0.291471870,0,1,0
0.291473040,1,0,0
0.291473120,0,1,0
0.291473210,1,0,0
0.291473290,0,1,0
0.291473380,1,0,0
0.291473460,0,1,0
0.291473540,1,0,0
0.291473790,0,1,0
0.291473880,1,0,0
0.291474040,0,1,0
0.291474290,1,0,0
0.291474370,0,1,0
0.291474540,1,0,0
0.291474620,0,1,0
0.291474710,1,0,0
0.291474790,0,1,0
0.291474880,1,0,0
0.291474960,0,1,0
0.291475130,1,0,0
0.291475210,0,1,0
0.291475290,1,0,0
0.291475370,0,1,0
0.291475460,1,0,0
0.291475540,0,1,0
0.291475710,0,0,0
0.291475870,0,1,0
0.292468960,1,0,0
0.292469040,0,1,0
0.292469120,1,0,0
0.292469200,0,0,0
0.292469210,0,1,0
0.292469290,1,0,0
0.292469370,0,1,0
0.292469460,1,0,0
0.292469710,0,1,0
0.292469870,1,0,0
0.292469950,0,0,0
0.292469960,0,1,0
0.292470120,1,0,0
0.292470370,0,1,0
0.292470460,1,0,0
0.292470620,0,1,0
0.292471210,1,0,0
0.292471290,0,1,0
0.292471370,1,0,0
0.292471540,0,1,0
0.292471620,1,0,0
0.292471700,0,0,0
0.292471870,0,1,0
0.293354700,0,0,0
0.293354710,1,0,0
0.293354790,0,1,0
0.293354870,1,0,0
0.293354950,0,1,0
0.293355040,1,0,0
0.293355120,0,1,0
0.293355200,1,0,0
0.293355450,0,1,0
0.293355700,1,0,0
0.293355870,0,1,0
0.293355950,1,0,0
0.293356120,0,1,0
0.293356200,1,0,0
0.293356290,0,1,0
0.293356370,1,0,0
0.293356450,0,1,0
0.293356620,1,0,0
0.293356700,0,1,0
0.293356790,1,0,0
0.293356870,0,1,0
0.293356950,1,0,0
0.293357200,0,1,0
0.293357370,0,0,0
0.293357540,0,1,0
0.293357870,1,0,0
0.293357950,0,1,0
0.293358040,1,0,0
0.293358120,0,1,0
0.293358200,1,0,0
0.293358290,0,1,0
0.293358370,1,0,0
0.293358700,0,1,0
0.293358790,1,0,0
0.293358870,0,1,0
0.293358950,1,0,0
0.293359200,0,1,0
0.293359290,1,0,0
0.293359370,0,1,0
0.293359450,1,0,0
0.293359540,0,1,0
0.293359620,1,0,0
0.293359700,0,1,0
0.293359870,1,0,0
0.293360120,0,1,0
0.293360200,1,0,0
0.293360290,0,1,0
0.293360370,1,0,0
0.293360450,0,1,0
0.293360540,1,0,0
0.293360620,0,1,0
0.293360700,1,0,0
0.293360790,0,1,0
0.293360870,1,0,0
0.293360950,0,1,0
0.293361040,1,0,0
0.293361120,0,1,0
0.293361290,1,0,0
0.293361370,0,1,0
0.293361450,1,0,0
0.293361540,0,1,0
0.293361620,1,0,0
0.293361700,0,1,0
0.293361790,1,0,0
0.293361870,0,1,0
0.293361950,1,0,0
0.293362040,0,1,0
0.293362120,1,0,0
0.293362200,0,1,0
0.293362290,1,0,0
0.293362370,0,1,0
0.293362450,1,0,0
0.293362540,0,1,0
0.293362620,1,0,0
0.293362700,0,1,0
0.293362790,1,0,0
0.293362870,0,1,0
0.293362950,1,0,0
0.293363040,0,1,0
0.293363120,1,0,0
0.293363200,0,1,0
0.293363370,1,0,0
0.293363450,0,1,0
0.293363620,1,0,0
0.293363700,0,1,0
0.293363790,1,0,0
0.293363870,0,1,0
0.293363950,1,0,0
0.293364040,0,1,0
0.293364120,1,0,0
0.293364200,0,1,0
0.293364290,1,0,0
0.293364370,0,1,0
0.293364450,1,0,0
0.293364540,0,1,0
0.293364620,1,0,0
0.293364700,0,1,0
0.293364790,1,0,0
0.293364870,0,1,0
0.293365200,1,0,0
0.293365290,0,1,0
0.293365450,1,0,0
0.293365870,0,0,0
0.293366040,0,1,0
0.293366230,0,1,1
0.293366250,1,0,1
0.293366340,1,1,1
0.293366350,0,1,1
0.293366420,1,0,1
0.293366500,0,1,1
0.293366590,0,0,1
0.293366600,1,0,1
0.293366670,0,1,1
0.293366750,1,0,1
0.293366920,0,1,1
0.293367090,1,0,1
0.293367170,0,1,1
0.293367340,1,0,1
0.293367590,0,0,1
0.293367750,0,1,1
0.293367860,0,1,0
0.293468950,1,0,0
0.293469040,0,1,0
0.293469120,1,0,0
0.293469200,0,1,0
0.293469290,1,0,0
0.293469370,0,1,0
0.293469450,1,0,0
0.293469700,0,1,0
0.293469870,1,0,0
0.293469950,0,1,0
0.293470120,1,0,0
0.293470290,0,1,0
0.293470450,1,0,0
0.293470620,0,1,0
0.293471200,1,0,0
0.293471290,0,1,0
0.293471370,1,0,0
0.293471620,0,1,0
0.293471700,0,0,0
0.293471870,0,1,0
0.293473040,1,0,0
0.293473120,0,1,0
0.293473200,1,0,0
0.293473290,0,1,0
0.293473370,1,0,0
0.293473450,0,1,0
0.293473540,1,0,0
0.293473790,0,1,0
0.293473870,1,0,0
0.293474040,0,1,0
0.293474290,1,0,0
0.293474450,0,1,0
0.293474540,1,0,0
0.293474620,0,1,0
0.293474700,1,0,0
0.293474790,0,1,0
0.293474950,1,0,0
0.293475040,0,1,0
0.293475120,1,0,0
0.293475200,0,1,0
0.293475290,1,0,0
0.293475540,0,1,0
0.293475700,0,0,0
0.293475870,0,1,0
0.293476090,0,1,1
0.293476110,0,0,1
0.293476120,1,0,1
0.293476190,0,1,1
0.293476270,1,1,1
0.293476280,1,0,1
0.293476360,0,1,1
0.293476440,1,0,1
0.293476520,1,1,1
0.293476530,0,1,1
0.293476610,0,0,1
0.293476620,1,0,1
0.293476940,0,1,1
0.293477110,0,0,1
0.293477120,1,0,1
0.293477190,0,1,1
0.293477360,0,0,1
0.293477370,1,0,1
0.293477440,0,1,1
0.293477610,0,0,1
0.293477620,1,0,1
0.293477690,0,1,1
0.293477860,0,0,1
0.293477870,1,0,1
0.293477940,0,1,1
0.293478020,1,1,1
0.293478030,1,0,1
0.293478190,0,1,1
0.293478270,1,1,1
0.293478280,1,0,1
0.293478360,0,1,1
0.293478440,1,0,1
0.293478520,1,1,1
0.293478530,0,1,1
0.293478610,0,0,1
0.293478620,1,0,1
0.293478690,0,1,1
0.293478770,1,1,1
0.293478780,1,0,1
0.293478860,0,1,1
0.293478940,1,0,1
0.293479020,1,1,1
0.293479030,0,1,1
0.293479190,1,0,1
0.293479270,1,1,1
0.293479280,0,1,1
0.293479360,0,0,1
0.293479370,1,0,1
0.293479520,1,1,1
0.293479530,0,1,1
0.293479610,0,0,1
0.293479620,1,0,1
0.293479690,0,1,1
0.293479770,1,1,1
0.293479780,1,0,1
0.293479860,0,1,1
0.293479940,1,0,1
0.293480020,1,1,1
0.293480030,0,1,1
0.293480110,0,0,1
0.293480120,1,0,1
0.293480270,1,1,1
0.293480280,0,1,1
0.293480360,0,0,1
0.293480370,1,0,1
0.293480440,0,1,1
0.293480520,1,1,1
0.293480530,1,0,1
0.293480610,0,1,1
0.293480690,1,0,1
0.293480770,1,1,1
0.293480780,0,1,1
0.293480860,0,0,1
0.293480870,1,0,1
0.293480940,0,1,1
0.293481020,1,1,1
0.293481030,1,0,1
0.293481110,0,1,1
0.293481190,1,0,1
0.293481270,1,1,1
0.293481280,0,1,1
0.293481360,0,0,1
0.293481370,1,0,1
0.293481440,0,1,1
0.293481520,1,1,1
0.293481530,1,0,1
0.293481610,0,1,1
0.293481690,1,0,1
0.293481770,1,1,1
0.293481780,0,1,1
0.293481860,0,0,1
0.293481870,1,0,1
0.293481940,0,1,1
0.293482020,1,1,1
0.293482030,1,0,1
0.293482110,0,1,1
0.293482190,1,0,1
0.293482270,1,1,1
0.293482280,0,1,1
0.293482440,1,0,1
0.293482520,1,1,1
0.293482530,0,1,1
0.293482610,0,0,1
0.293482620,1,0,1
0.293482690,0,1,1
0.293482770,1,1,1
0.293482780,1,0,1
0.293482860,0,1,1
0.293482940,1,0,1
0.293483020,1,1,1
0.293483030,0,1,1
0.293483190,1,0,1
0.293483270,1,1,1
0.293483280,0,1,1
0.293483360,0,0,1
0.293483370,1,0,1
0.293483770,1,1,1
0.293483780,0,1,1
0.293483860,0,0,1
0.293483870,1,0,1
0.293484110,0,0,1
0.293484270,0,1,1
0.293484380,0,1,0
0.293484870,1,0,0
0.293484950,0,1,0
0.293485040,1,0,0
0.293485120,0,1,0
0.293485200,1,0,0
0.293485290,0,1,0
0.293485370,1,0,0
0.293485540,0,1,0
0.293485700,1,0,0
0.293485790,0,1,0
0.293485950,1,0,0
0.293486200,0,0,0
0.293486370,0,1,0
0.294468950,1,0,0
0.294469030,0,1,0
0.294469120,1,0,0
0.294469200,0,1,0
0.294469280,1,0,0
0.294469370,0,1,0
0.294469450,1,0,0
0.294469700,0,1,0
0.294469870,1,0,0
0.294469950,0,1,0
0.294470120,1,0,0
0.294470450,0,1,0
0.294470620,1,0,0
0.294471200,0,1,0
0.294471450,1,0,0
0.294471530,0,1,0
0.294471700,0,0,0
0.294471870,0,1,0
0.294473030,1,0,0
0.294473120,0,1,0
0.294473200,1,0,0
0.294473280,0,1,0
0.294473370,1,0,0
0.294473450,0,1,0
0.294473530,1,0,0
0.294473780,0,1,0
0.294473870,1,0,0
0.294474030,0,1,0
0.294474280,1,0,0
0.294474450,0,1,0
0.294474530,1,0,0
0.294474620,0,1,0
0.294474700,1,0,0
0.294474780,0,1,0
0.294474950,1,0,0
0.294475030,0,1,0
0.294475120,1,0,0
0.294475200,0,1,0
0.294475280,1,0,0
0.294475530,0,1,0
0.294475700,0,0,0
0.294475870,0,1,0
0.294476090,0,1,1
0.294476110,1,0,1
0.294476190,0,1,1
0.294476280,0,0,1
0.294476290,1,0,1
0.294476360,0,1,1
0.294476440,1,0,1
0.294476530,0,1,1
0.294476610,1,0,1
0.294476940,0,1,1
0.294477030,0,0,1
0.294477040,1,0,1
0.294477110,0,1,1
0.294477190,1,0,1
0.294477610,0,1,1
0.294477690,1,0,1
0.294477780,0,1,1
0.294477860,1,0,1
0.294477940,0,1,1
0.294478110,1,0,1
0.294478190,0,1,1
0.294478360,1,0,1
0.294478440,0,1,1
0.294478530,0,0,1
0.294478540,1,0,1
0.294478610,0,1,1
0.294478690,1,0,1
0.294478780,0,1,1
0.294478940,1,0,1
0.294479110,0,1,1
0.294479280,1,0,1
0.294479360,0,1,1
0.294479690,1,0,1
0.294479860,0,1,1
0.294480030,1,0,1
0.294480110,0,1,1
0.294480190,1,0,1
0.294480280,0,1,1
0.294480360,1,0,1
0.294480440,0,1,1
0.294480530,0,0,1
0.294480540,1,0,1
0.294480610,0,1,1
0.294480690,1,0,1
0.294480860,0,1,1
0.294480940,1,0,1
0.294481030,0,1,1
0.294481110,1,0,1
0.294481190,0,1,1
0.294481280,0,0,1
0.294481290,1,0,1
0.294481360,0,1,1
0.294481440,1,0,1
0.294481530,0,1,1
0.294481610,1,0,1
0.294481690,0,1,1
0.294481780,0,0,1
0.294481790,1,0,1
0.294481860,0,1,1
0.294481940,1,0,1
0.294482030,0,1,1
0.294482110,1,0,1
0.294482190,0,1,1
0.294482280,0,0,1
0.294482290,1,0,1
0.294482360,0,1,1
0.294482440,1,0,1
0.294482530,0,1,1
0.294482610,1,0,1
0.294482690,0,1,1
0.294482860,1,0,1
0.294482940,0,1,1
0.294483030,1,0,1
0.294483190,0,1,1
0.294483280,0,0,1
0.294483290,1,0,1
0.294483690,0,1,1
0.294483780,0,0,1
0.294483790,1,0,1
0.294483860,0,1,1
0.294483940,1,0,1
0.294484110,0,0,1
0.294484280,0,1,1
0.294484380,0,1,0
0.294484870,1,0,0
0.294484950,0,1,0
0.294485030,1,0,0
0.294485120,0,1,0
0.294485200,1,0,0
0.294485280,0,1,0
0.294485370,1,0,0
0.294485530,0,1,0
0.294485700,1,0,0
0.294485780,0,1,0
0.294485950,1,0,0
0.294486200,0,0,0
0.294486370,0,1,0
0.295468950,1,0,0
0.295469030,0,1,0
0.295469110,1,0,0
0.295469200,0,1,0
0.295469280,1,0,0
0.295469360,0,1,0
0.295469450,1,0,0
0.295469700,0,1,0
0.295469860,1,0,0
0.295469950,0,1,0
0.295470110,1,1,0
0.295470120,1,0,0
0.295470280,0,1,0
0.295470360,1,0,0
0.295470610,0,1,0
0.295471200,1,0,0
0.295471280,0,1,0
0.295471360,1,0,0
0.295471700,0,0,0
0.295471860,0,1,0
0.295473030,1,0,0
0.295473110,0,1,0
0.295473200,1,0,0
0.295473280,0,1,0
0.295473360,1,0,0
0.295473450,0,1,0
0.295473530,1,0,0
0.295473780,0,1,0
0.295473860,1,0,0
0.295474030,0,1,0
0.295474280,1,0,0
0.295474360,0,1,0
0.295474530,1,0,0
0.295474610,0,1,0
0.295474700,1,0,0
0.295474780,0,1,0
0.295474860,1,0,0
0.295474950,0,1,0
0.295475110,1,0,0
0.295475200,0,1,0
0.295475280,1,0,0
0.295475360,0,1,0
0.295475450,1,0,0
0.295475530,0,1,0
0.295475700,0,0,0
0.295475860,0,1,0
0.295478450,1,0,0
0.295478530,0,1,0
0.295478610,1,0,0
0.295478700,0,1,0
0.295478780,1,0,0
0.295478860,0,1,0
0.295478950,1,0,0
0.295479200,0,1,0
0.295479280,1,0,0
0.295479450,0,1,0
0.295479700,1,0,0
0.295479860,0,1,0
0.295479950,1,0,0
0.295480030,0,1,0
0.295480110,1,0,0
0.295480200,0,1,0
0.295480360,1,0,0
0.295480450,0,1,0
0.295480530,1,0,0
0.295480610,0,1,0
0.295480700,1,0,0
0.295480950,0,1,0
0.295481110,0,0,0
0.295481280,0,1,0
0.295481490,0,1,1
0.295481510,0,0,1
0.295481520,1,0,1
0.295481590,0,1,1
0.295481670,1,1,1
0.295481680,1,0,1
0.295481760,0,1,1
0.295481840,1,0,1
0.295481920,1,1,1
0.295481930,0,1,1
0.295482010,0,0,1
0.295482020,1,0,1
0.295482340,0,1,1
0.295482510,0,0,1
0.295482520,1,0,1
0.295482590,0,1,1
0.295482760,0,0,1
0.295482770,1,0,1
0.295482840,0,1,1
0.295482920,1,1,1
0.295482930,1,0,1
0.295483010,0,1,1
0.295483090,1,0,1
0.295483170,1,1,1
0.295483180,0,1,1
0.295483260,0,0,1
0.295483270,1,0,1
0.295483340,0,1,1
0.295483420,1,1,1
0.295483430,1,0,1
0.295483590,0,1,1
0.295483670,1,1,1
0.295483680,1,0,1
0.295483760,0,1,1
0.295483840,1,0,1
0.295483920,1,1,1
0.295483930,0,1,1
0.295484010,0,0,1
0.295484020,1,0,1
0.295484090,0,1,1
0.295484670,1,1,1
0.295484680,1,0,1
0.295484760,0,1,1
0.295484840,1,0,1
0.295485260,0,1,1
0.295485340,1,0,1
0.295485420,1,1,1
0.295485430,0,1,1
0.295485590,0,0,1
0.295485760,0,1,1
0.295485860,0,1,0
0.295486360,1,1,0
0.295486370,1,0,0
0.295486450,0,1,0
0.295486530,1,0,0
0.295486610,0,1,0
0.295486700,1,0,0
0.295486780,0,1,0
0.295486860,1,0,0
0.295487030,0,1,0
0.295487200,1,0,0
0.295487280,0,1,0
0.295487450,1,0,0
0.295487700,0,0,0
0.295487860,0,1,0
0.296468950,1,0,0
0.296469030,0,1,0
0.296469110,1,0,0
0.296469190,0,1,0
0.296469280,1,0,0
0.296469360,0,1,0
0.296469440,1,0,0
0.296469690,0,1,0
0.296469860,1,0,0
0.296469940,0,1,0
0.296470110,1,0,0
0.296470360,0,1,0
0.296470610,1,0,0
0.296471190,0,1,0
0.296471440,0,0,0
0.296471450,1,0,0
0.296471530,0,1,0
0.296471610,1,0,0
0.296471690,0,0,0
0.296471860,0,1,0
0.296473030,1,0,0
0.296473110,0,1,0
0.296473190,1,0,0
0.296473280,0,1,0
0.296473360,1,0,0
0.296473440,0,1,0
0.296473530,1,0,0
0.296473780,0,1,0
0.296473860,1,0,0
0.296473940,0,1,0
0.296474030,1,0,0
0.296474440,0,1,0
0.296474530,1,0,0
0.296474610,0,1,0
0.296474690,1,0,0
0.296474780,0,1,0
0.296474940,1,0,0
0.296475030,0,1,0
0.296475110,1,0,0
0.296475190,0,1,0
0.296475280,1,0,0
0.296475530,0,1,0
0.296475690,0,0,0
0.296475860,0,1,0
0.296476200,1,0,0
0.296476280,0,1,0
0.296476360,1,0,0
0.296476440,0,1,0
0.296476530,1,0,0
0.296476610,0,1,0
0.296476690,1,0,0
0.296477030,0,1,0
0.296477190,1,0,0
0.296477280,0,1,0
0.296477440,1,0,0
0.296477530,0,1,0
0.296477610,1,0,0
0.296477690,0,1,0
0.296477780,1,0,0
0.296477860,0,1,0
0.296477940,1,0,0
0.296478030,0,1,0
0.296478110,1,0,0
0.296478190,0,1,0
0.296478280,1,0,0
0.296478360,0,1,0
0.296478440,1,0,0
0.296478530,0,1,0
0.296478610,1,0,0
0.296478690,0,1,0
0.296478780,1,0,0
0.296478860,0,0,0
0.296479030,0,1,0
0.296479220,0,1,1
0.296479240,0,0,1
0.296479250,1,0,1
0.296479320,0,1,1
0.296479410,1,0,1
0.296479490,0,1,1
0.296479570,1,0,1
0.296479660,0,1,1
0.296479740,0,0,1
0.296479750,1,0,1
0.296479910,0,1,1
0.296480070,1,0,1
0.296480160,1,1,1
0.296480170,0,1,1
0.296480320,1,0,1
0.296480570,0,0,1
0.296480740,0,1,1
0.296480840,0,1,0
0.297468940,1,0,0
0.297469020,0,1,0
0.297469110,1,0,0
0.297469190,0,1,0
0.297469270,0,0,0
0.297469280,1,0,0
0.297469360,0,1,0
0.297469440,1,0,0
0.297469690,0,1,0
0.297469860,1,0,0
0.297469940,0,1,0
0.297470110,1,0,0
0.297470270,0,1,0
0.297470610,1,0,0
0.297471190,0,1,0
0.297471440,1,0,0
0.297471610,0,1,0
0.297471690,0,0,0
0.297471860,0,1,0
0.298468940,1,0,0
0.298469020,0,1,0
0.298469110,1,0,0
0.298469190,0,1,0
0.298469270,1,0,0
0.298469350,0,1,0
0.298469440,1,0,0
0.298469690,0,1,0
0.298469860,1,0,0
0.298469940,0,1,0
0.298470110,1,0,0
0.298470610,0,1,0
0.298471190,1,0,0
0.298471270,0,1,0
0.298471360,1,0,0
0.298471520,0,1,0
0.298471690,0,0,0
0.298471850,0,1,0
0.299468940,1,0,0
0.299469020,0,1,0
0.299469100,1,0,0
0.299469180,1,1,0
0.299469190,0,1,0
0.299469270,1,0,0
0.299469350,0,1,0
0.299469440,1,0,0
0.299469690,0,1,0
0.299469850,1,0,0
0.299469940,0,1,0
0.299470100,1,0,0
0.299470270,0,1,0
0.299470350,1,0,0
0.299470440,0,1,0
0.299470520,1,0,0
0.299471100,0,1,0
0.299471350,1,0,0
0.299471430,1,1,0
0.299471440,0,1,0
0.299471600,1,0,0
0.299471690,0,0,0
0.299471850,0,1,0
0.299473020,1,0,0
0.299473100,0,1,0
0.299473190,1,0,0
0.299473270,0,1,0
0.299473350,1,0,0
0.299473440,0,1,0
0.299473520,1,0,0
0.299473770,0,1,0
0.299473850,1,0,0
0.299474020,0,1,0
0.299474270,1,0,0
0.299474350,0,1,0
0.299474520,1,0,0
0.299474600,0,1,0
0.299474690,1,0,0
0.299474770,0,1,0
0.299474850,1,0,0
0.299474940,0,1,0
0.299475100,1,0,0
0.299475180,1,1,0
0.299475190,0,1,0
0.299475270,1,0,0
0.299475350,0,1,0
0.299475440,1,0,0
0.299475520,0,1,0
0.299475690,0,0,0
0.299475850,0,1,0
0.300176190,1,0,0
0.300176270,0,1,0
0.300176350,1,0,0
0.300176430,0,1,0
0.300176520,1,0,0
0.300176600,0,1,0
0.300176680,1,0,0
0.300176930,0,1,0
0.300177180,1,0,0
0.300177350,0,1,0
0.300177430,1,0,0
0.300177600,0,1,0
0.300177680,1,0,0
0.300177770,0,1,0
0.300177850,1,0,0
0.300177930,0,1,0
0.300178100,1,0,0
0.300178180,0,1,0
0.300178270,1,0,0
0.300178350,0,1,0
0.300178430,1,0,0
0.300178680,0,1,0
0.300178850,0,0,0
0.300179020,0,1,0
0.300179350,1,0,0
0.300179430,0,1,0
0.300179520,1,0,0
0.300179600,0,1,0
0.300179680,1,0,0
0.300179770,0,1,0
0.300179850,1,0,0
0.300180180,0,1,0
0.300180270,1,0,0
0.300180350,0,1,0
0.300180430,1,0,0
0.300180680,0,1,0
0.300180770,1,0,0
0.300180850,0,1,0
0.300180930,1,0,0
0.300181020,0,1,0
0.300181100,1,0,0
0.300181180,0,1,0
0.300181350,1,0,0
0.300181600,0,1,0
0.300181680,1,0,0
0.300181770,0,1,0
0.300181850,1,0,0
0.300181930,0,1,0
0.300182020,1,0,0
0.300182100,0,1,0
0.300182180,1,0,0
0.300182270,0,1,0
0.300182350,1,0,0
0.300182430,0,1,0
0.300182520,1,0,0
0.300182600,0,1,0
0.300182680,1,0,0
0.300182850,0,1,0
0.300182930,1,0,0
0.300183020,0,1,0
0.300183100,1,0,0
0.300183180,0,1,0
0.300183270,1,0,0
0.300183350,0,1,0
0.300183430,1,0,0
0.300183520,0,1,0
0.300183600,1,0,0
0.300183680,0,1,0
0.300183770,1,0,0
0.300183850,0,1,0
0.300183930,1,0,0
0.300184020,0,1,0
0.300184100,1,0,0
0.300184180,0,1,0
0.300184270,1,0,0
0.300184350,0,1,0
0.300184430,1,0,0
0.300184520,0,1,0
0.300184600,1,0,0
0.300185180,0,1,0
0.300185430,1,0,0
0.300185520,0,1,0
0.300185600,1,0,0
0.300185680,0,1,0
0.300185770,1,0,0
0.300185850,0,1,0
0.300185930,1,0,0
0.300186020,0,1,0
0.300186180,1,0,0
0.300186270,0,1,0
0.300186430,1,0,0
0.300186770,0,1,0
0.300186850,1,0,0
0.300187020,0,1,0
0.300187100,1,0,0
0.300187270,0,1,0
0.300187430,0,0,0
0.300187600,0,1,0
0.300187790,0,1,1
0.300187810,0,0,1
0.300187820,1,0,1
0.300187890,0,1,1
0.300187980,1,0,1
0.300188060,0,1,1
0.300188140,1,0,1
0.300188230,0,1,1
0.300188310,0,0,1
0.300188320,1,0,1
0.300188480,0,1,1
0.300188640,1,0,1
0.300188730,1,1,1
0.300188740,0,1,1
0.300188890,1,0,1
0.300189140,0,0,1
0.300189310,0,1,1
0.300189410,0,1,0
0.300468930,1,0,0
0.300469020,0,1,0
0.300469100,1,0,0
0.300469180,0,1,0
0.300469270,1,0,0
0.300469350,0,1,0
0.300469430,1,0,0
0.300469680,0,1,0
0.300469850,1,0,0
0.300469930,0,1,0
0.300470100,1,0,0
0.300470350,0,1,0
0.300470430,1,0,0
0.300470520,0,1,0
0.300471100,1,0,0
0.300471270,0,1,0
0.300471520,1,0,0
0.300471680,0,0,0
0.300471850,0,1,0
0.300473020,1,0,0
0.300473100,0,1,0
0.300473180,1,0,0
0.300473270,0,1,0
0.300473350,1,0,0
0.300473430,0,1,0
0.300473520,1,0,0
0.300473770,0,1,0
0.300473850,1,0,0
0.300474020,0,1,0
0.300474270,1,0,0
0.300474430,0,1,0
0.300474520,1,0,0
0.300474600,0,1,0
0.300474680,1,0,0
0.300474770,0,1,0
0.300474930,1,0,0
0.300475020,0,1,0
0.300475100,1,0,0
0.300475180,0,1,0
0.300475270,1,0,0
0.300475520,0,1,0
0.300475680,0,0,0
0.300475850,0,1,0
0.300476060,0,1,1
0.300476080,1,0,1
0.300476160,0,1,1
0.300476250,0,0,1
0.300476260,1,0,1
0.300476330,0,1,1
0.300476410,1,1,1
0.300476420,1,0,1
0.300476500,0,1,1
0.300476580,1,0,1
0.300476910,0,1,1
0.300477080,1,0,1
0.300477160,0,1,1
0.300477330,1,0,1
0.300477410,0,1,1
0.300477580,1,0,1
0.300477660,0,1,1
0.300477830,1,0,1
0.300477910,0,1,1
0.300478000,0,0,1
0.300478010,1,0,1
0.300478160,0,1,1
0.300478250,0,0,1
0.300478260,1,0,1
0.300478330,0,1,1
0.300478410,1,1,1
0.300478420,1,0,1
0.300478500,0,1,1
0.300478580,1,0,1
0.300478660,0,1,1
0.300478750,0,0,1
0.300478760,1,0,1
0.300478830,0,1,1
0.300478910,1,1,1
0.300478920,1,0,1
0.300479000,0,1,1
0.300479160,1,1,1
0.300479170,1,0,1
0.300479250,1,1,1
0.300479260,0,1,1
0.300479330,1,0,1
0.300479500,0,1,1
0.300479580,1,0,1
0.300479660,0,1,1
0.300479750,0,0,1
0.300479760,1,0,1
0.300479830,0,1,1
0.300479910,1,1,1
0.300479920,1,0,1
0.300480000,0,1,1
0.300480080,1,0,1
0.300480250,0,1,1
0.300480330,1,0,1
0.300480410,0,1,1
0.300480500,0,0,1
0.300480510,1,0,1
0.300480580,0,1,1
0.300480660,1,1,1
0.300480670,1,0,1
0.300480750,0,1,1
0.300480830,1,0,1
0.300480910,0,1,1
0.300481000,0,0,1
0.300481010,1,0,1
0.300481080,0,1,1
0.300481160,1,1,1
0.300481170,1,0,1
0.300481250,0,1,1
0.300481330,1,0,1
0.300481410,0,1,1
0.300481500,0,0,1
0.300481510,1,0,1
0.300481580,0,1,1
0.300481660,1,1,1
0.300481670,1,0,1
0.300481750,0,1,1
0.300481830,1,0,1
0.300481910,0,1,1
0.300482000,0,0,1
0.300482010,1,0,1
0.300482080,0,1,1
0.300482160,1,1,1
0.300482170,1,0,1
0.300482250,0,1,1
0.300482410,1,1,1
0.300482420,1,0,1
0.300482500,1,1,1
0.300482510,0,1,1
0.300482580,1,0,1
0.300482660,0,1,1
0.300482750,0,0,1
0.300482760,1,0,1
0.300482830,0,1,1
0.300482910,1,1,1
0.300482920,1,0,1
0.300483000,0,1,1
0.300483160,1,1,1
0.300483170,1,0,1
0.300483250,1,1,1
0.300483260,0,1,1
0.300483330,1,0,1
0.300483750,0,1,1
0.300483830,1,0,1
0.300484080,0,0,1
0.300484250,0,1,1
0.300484350,0,1,0
0.300484850,1,0,0
0.300484930,0,1,0
0.300485020,1,0,0
0.300485100,0,1,0
0.300485180,1,0,0
0.300485270,0,1,0
0.300485350,1,0,0
0.300485520,0,1,0
0.300485680,1,0,0
0.300485770,0,1,0
0.300485930,1,0,0
0.300486180,0,0,0
0.300486350,0,1,0
0.301468930,1,0,0
0.301469010,0,1,0
0.301469100,1,0,0
0.301469180,0,1,0
0.301469260,1,0,0
0.301469350,0,1,0
0.301469430,1,0,0
0.301469680,0,1,0
0.301469850,1,0,0
0.301469930,0,1,0
0.301470100,1,0,0
0.301470260,0,1,0
0.301470430,1,0,0
0.301470510,0,1,0
0.301471100,1,0,0
0.301471260,0,1,0
0.301471680,0,0,0
0.301471850,0,1,0
0.301473010,0,0,0
0.301473020,1,0,0
0.301473100,0,1,0
0.301473180,1,0,0
0.301473260,0,1,0
0.301473350,1,0,0
0.301473430,0,1,0
0.301473510,1,0,0
0.301473760,0,1,0
0.301473850,1,0,0
0.301474010,0,1,0
0.301474260,1,0,0
0.301474430,0,1,0
0.301474510,1,0,0
0.301474600,0,1,0
0.301474680,1,0,0
0.301474760,0,1,0
0.301474930,1,0,0
0.301475010,0,1,0
0.301475100,1,0,0
0.301475180,0,1,0
0.301475260,1,0,0
0.301475510,0,1,0
0.301475680,0,0,0
0.301475850,0,1,0
0.301476060,0,1,1
0.301476080,1,0,1
0.301476170,0,1,1
0.301476250,0,0,1
0.301476260,1,0,1
0.301476330,0,1,1
0.301476420,1,0,1
0.301476500,0,1,1
0.301476580,1,0,1
0.301476920,0,1,1
0.301477000,0,0,1
0.301477020,1,0,1
0.301477080,0,1,1
0.301477170,1,0,1
0.301477580,0,1,1
0.301477670,1,0,1
0.301477750,0,1,1
0.301477830,1,0,1
0.301477920,0,1,1
0.301478080,1,0,1
0.301478170,1,1,1
0.301478180,0,1,1
0.301478330,1,0,1
0.301478420,1,1,1
0.301478430,0,1,1
0.301478500,0,0,1
0.301478510,1,0,1
0.301478580,0,1,1
0.301478670,1,0,1
0.301478750,0,1,1
0.301478920,1,0,1
0.301479080,0,1,1
0.301479250,0,0,1
0.301479260,1,0,1
0.301479330,0,1,1
0.301479670,1,0,1
0.301479830,0,1,1
0.301480000,0,0,1
0.301480010,1,0,1
0.301480080,0,1,1
0.301480170,1,0,1
0.301480250,0,1,1
0.301480330,1,0,1
0.301480420,0,1,1
0.301480500,0,0,1
0.301480510,1,0,1
0.301480580,0,1,1
0.301480670,1,0,1
0.301480830,0,1,1
0.301480920,1,0,1
0.301481000,0,1,1
0.301481080,1,0,1
0.301481170,0,1,1
0.301481250,0,0,1
0.301481260,1,0,1
0.301481330,0,1,1
0.301481420,1,0,1
0.301481500,0,1,1
0.301481580,1,0,1
0.301481670,0,1,1
0.301481750,0,0,1
0.301481760,1,0,1
0.301481830,0,1,1
0.301481920,1,0,1
0.301482000,0,1,1
0.301482080,1,0,1
0.301482170,0,1,1
0.301482250,0,0,1
0.301482260,1,0,1
0.301482330,0,1,1
0.301482420,1,0,1
0.301482500,0,1,1
0.301482580,1,0,1
0.301482670,0,1,1
0.301482830,1,0,1
0.301482920,1,1,1
0.301482930,0,1,1
0.301483000,0,0,1
0.301483010,1,0,1
0.301483170,0,1,1
0.301483250,0,0,1
0.301483260,1,0,1
0.301483670,0,1,1
0.301483750,0,0,1
0.301483760,1,0,1
0.301483830,0,1,1
0.301483920,1,0,1
0.301484080,0,0,1
0.301484250,0,1,1
0.301484350,0,1,0
0.301484850,1,0,0
0.301484930,0,1,0
0.301485010,1,0,0
0.301485100,0,1,0
0.301485180,1,0,0
0.301485260,0,1,0
0.301485350,1,0,0
0.301485510,0,1,0
0.301485680,1,0,0
0.301485760,0,1,0
0.301485930,1,0,0
0.301486180,0,0,0
0.301486350,0,1,0
0.302468930,1,0,0
0.302469010,0,1,0
0.302469090,1,0,0
0.302469180,0,1,0
0.302469260,1,0,0
0.302469340,0,1,0
0.302469430,1,0,0
0.302469680,0,1,0
0.302469840,1,0,0
0.302469930,0,1,0
0.302470090,1,0,0
0.302470430,0,1,0
0.302470510,1,0,0
0.302471090,0,1,0
0.302471340,1,0,0
0.302471430,0,1,0
0.302471510,1,0,0
0.302471590,0,1,0
0.302471680,0,0,0
0.302471840,0,1,0
0.302473010,1,0,0
0.302473090,0,1,0
0.302473180,1,0,0
0.302473260,0,1,0
0.302473340,1,0,0
0.302473430,0,1,0
0.302473510,1,0,0
0.302473760,0,1,0
0.302473840,1,0,0
0.302474010,0,1,0
0.302474260,1,0,0
0.302474430,0,1,0
0.302474510,1,0,0
0.302474590,0,1,0
0.302474680,1,0,0
0.302474760,0,1,0
0.302474930,1,0,0
0.302475010,0,1,0
0.302475090,1,0,0
0.302475180,0,1,0
0.302475260,1,0,0
0.302475510,0,1,0
0.302475680,0,0,0
0.302475840,0,1,0
0.302476060,0,1,1
0.302476080,1,1,1
0.302476090,1,0,1
0.302476170,0,1,1
0.302476250,1,0,1
0.302476330,1,1,1
0.302476340,0,1,1
0.302476420,0,0,1
0.302476430,1,0,1
0.302476500,0,1,1
0.302476580,1,1,1
0.302476590,1,0,1
0.302476920,0,1,1
0.302477080,1,1,1
0.302477090,1,0,1
0.302477170,0,1,1
0.302477330,1,1,1
0.302477340,1,0,1
0.302477420,0,1,1
0.302477500,1,0,1
0.302477580,1,1,1
0.302477590,0,1,1
0.302477670,0,0,1
0.302477680,1,0,1
0.302477750,0,1,1
0.302477830,1,1,1
0.302477840,1,0,1
0.302477920,0,1,1
0.302478000,1,0,1
0.302478170,0,1,1
0.302478250,1,0,1
0.302478330,1,1,1
0.302478340,0,1,1
0.302478420,0,0,1
0.302478430,1,0,1
0.302478500,0,1,1
0.302478580,1,1,1
0.302478590,1,0,1
0.302478670,0,1,1
0.302479250,1,0,1
0.302479330,1,1,1
0.302479340,0,1,1
0.302479420,0,0,1
0.302479430,1,0,1
0.302479830,1,1,1
0.302479840,0,1,1
0.302479920,0,0,1
0.302479930,1,0,1
0.302480000,0,1,1
0.302480170,0,0,1
0.302480330,0,1,1
0.302480440,0,1,0
0.302480930,1,0,0
0.302481010,0,1,0
0.302481090,1,0,0
0.302481180,0,1,0
0.302481260,1,0,0
0.302481340,0,1,0
0.302481430,1,0,0
0.302481590,0,1,0
0.302481760,1,0,0
0.302481840,0,1,0
0.302482010,1,0,0
0.302482260,0,0,0
0.302482430,0,1,0
0.303468930,1,0,0
0.303469010,0,1,0
0.303469090,1,0,0
0.303469170,0,1,0
0.303469260,1,0,0
0.303469340,0,1,0
0.303469420,1,1,0
0.303469430,1,0,0
0.303469670,0,1,0
0.303469840,1,0,0
0.303469920,0,1,0
0.303470090,1,0,0
0.303470260,0,1,0
0.303470340,1,0,0
0.303470510,0,1,0
0.303471090,1,0,0
0.303471260,0,1,0
0.303471590,1,0,0
0.303471670,0,0,0
0.303471840,0,1,0
0.303473010,1,0,0
0.303473090,0,1,0
0.303473170,1,0,0
0.303473260,0,1,0
0.303473340,1,0,0
0.303473420,0,1,0
0.303473510,1,0,0
0.303473760,0,1,0
0.303473840,1,0,0
0.303474010,0,1,0
0.303474260,1,0,0
0.303474340,0,1,0
0.303474510,1,0,0
0.303474590,0,1,0
0.303474670,1,0,0
0.303474760,0,1,0
0.303474840,1,0,0
0.303474920,0,1,0
0.303475090,1,0,0
0.303475170,0,1,0
0.303475260,1,0,0
0.303475340,0,1,0
0.303475420,1,0,0
0.303475510,0,1,0
0.303475680,0,0,0
0.303475840,0,1,0
0.303478510,1,0,0
0.303478590,0,1,0
0.303478670,1,0,0
0.303478760,0,1,0
0.303478840,1,0,0
0.303478920,0,1,0
0.303479010,1,0,0
0.303479260,0,1,0
0.303479340,1,0,0
0.303479420,0,1,0
0.303479510,1,0,0
0.303479920,0,1,0
0.303480010,1,0,0
0.303480090,0,1,0
0.303480170,1,0,0
0.303480260,0,1,0
0.303480420,1,1,0
0.303480430,1,0,0
0.303480510,0,1,0
0.303480590,1,0,0
0.303480670,0,1,0
0.303480760,1,0,0
0.303481010,0,1,0
0.303481170,0,0,0
0.303481340,0,1,0
0.303481680,1,0,0
0.303481760,0,1,0
0.303481840,1,0,0
0.303481920,0,1,0
0.303482010,1,0,0
0.303482090,0,1,0
0.303482170,1,0,0
0.303482510,0,1,0
0.303482670,1,0,0
0.303482760,0,1,0
0.303482920,1,0,0
0.303483010,0,1,0
0.303483090,1,0,0
0.303483170,0,1,0
0.303483260,1,0,0
0.303483340,0,1,0
0.303483420,1,0,0
0.303483510,0,1,0
0.303483590,1,0,0
0.303483670,0,1,0
0.303483760,1,0,0
0.303483840,0,1,0
0.303483920,1,0,0
0.303484010,0,1,0
0.303484090,1,0,0
0.303484170,0,1,0
0.303484260,1,0,0
0.303484340,0,0,0
0.303484510,0,1,0
0.303484690,0,1,1
0.303484710,1,0,1
0.303484800,0,1,1
0.303484880,0,0,1
0.303484890,1,0,1
0.303484960,0,1,1
0.303485050,1,0,1
0.303485130,0,1,1
0.303485210,1,0,1
0.303485380,0,1,1
0.303485540,1,1,1
0.303485550,1,0,1
0.303485630,0,1,1
0.303485790,1,1,1
0.303485800,1,0,1
0.303486050,0,0,1
0.303486210,0,1,1
0.303486310,0,1,0
0.304468920,1,0,0
0.304469000,0,1,0
0.304469090,1,0,0
0.304469170,0,1,0
0.304469250,0,0,0
0.304469260,1,0,0
0.304469340,0,1,0
0.304469420,1,0,0
0.304469670,0,1,0
0.304469840,1,0,0
0.304469920,0,1,0
0.304470090,1,0,0
0.304470340,0,1,0
0.304470510,1,0,0
0.304471090,0,1,0
0.304471340,1,0,0
0.304471420,0,1,0
0.304471510,1,0,0
0.304471670,0,0,0
0.304471840,0,1,0
0.305468920,1,0,0
0.305469000,0,1,0
0.305469080,0,0,0
0.305469090,1,0,0
0.305469170,0,1,0
0.305469250,1,0,0
0.305469330,0,0,0
0.305469340,0,1,0
0.305469420,1,0,0
0.305469670,0,1,0
0.305469840,1,0,0
0.305469920,0,1,0
0.305470090,1,0,0
0.305470250,0,1,0
0.305470500,1,0,0
0.305471090,0,1,0
0.305471340,1,0,0
0.305471420,0,1,0
0.305471670,0,0,0
0.305471840,0,1,0
0.306468920,1,0,0
0.306469000,0,1,0
0.306469080,1,0,0
0.306469170,0,1,0
0.306469250,1,0,0
0.306469330,0,1,0
0.306469420,1,0,0
0.306469670,0,1,0
0.306469830,1,0,0
0.306469920,0,1,0
0.306470080,1,0,0
0.306470500,0,1,0
0.306471080,1,0,0
0.306471250,0,1,0
0.306471500,1,0,0
0.306471580,0,1,0
0.306471670,0,0,0
0.306471830,0,1,0
0.307468910,1,0,0
0.307469000,0,1,0
0.307469080,1,0,0
0.307469160,0,1,0
0.307469250,1,0,0
0.307469330,0,1,0
0.307469410,1,0,0
0.307469660,0,1,0
0.307469830,1,0,0
0.307469910,0,1,0
0.307470080,1,0,0
0.307470250,0,1,0
0.307470330,1,0,0
0.307470410,0,1,0
0.307471000,1,0,0
0.307471500,0,1,0
0.307471580,1,0,0
0.307471660,0,0,0
0.307471830,0,1,0
0.307473000,1,0,0
0.307473080,0,1,0
0.307473160,1,0,0
0.307473250,0,1,0
0.307473330,1,0,0
0.307473410,0,1,0
0.307473500,1,0,0
0.307473750,0,1,0
0.307473830,1,0,0
0.307474000,0,1,0
0.307474250,1,0,0
0.307474330,0,1,0
0.307474500,1,0,0
0.307474580,0,1,0
0.307474660,1,0,0
0.307474750,0,1,0
0.307474830,1,0,0
0.307474910,0,1,0
0.307475080,1,0,0
0.307475160,0,1,0
0.307475250,1,0,0
0.307475330,0,1,0
0.307475410,1,0,0
0.307475500,0,1,0
0.307475660,0,0,0
0.307475830,0,1,0
0.307841470,0,1,0
